1 : Write two different queries that would produce all orders taken on October 3 rd or 4 th , 1990.

SELECT * FROM ORDERS WHERE ODATE = '1990-04-10' OR  ODATE = '1990-03-10';

SELECT * FROM ORDERS WHERE ODATE IN ('1990-04-10', '1990-03-10');

+------+---------+------------+------+------+
| ONUM | AMT     | ODATE      | CNUM | SNUM |
+------+---------+------------+------+------+
| 3001 |   18.69 | 1990-03-10 | 2008 | 1007 |
| 3003 |  767.19 | 1990-03-10 | 2001 | 1001 |
| 3002 | 1900.10 | 1990-03-10 | 2007 | 1004 |
| 3005 | 5160.45 | 1990-03-10 | 2003 | 1002 |
| 3006 | 1098.16 | 1990-03-10 | 2008 | 1007 |
| 3009 | 1713.23 | 1990-04-10 | 2002 | 1003 |
| 3007 |   75.75 | 1990-04-10 | 2004 | 1002 |
+------+---------+------------+------+------+
7 rows in set (0.00 sec)

------------------------------------------------------------------------------------------------------------------------------------------------------------------------------------------------------------------------------------------------------------------------------------------------------------------------------------------------------------------------------------------------------------------------------------

2) Write a query that selects all of the customers serviced by Peel or Motika.
(Hint: the snum field relates the two tables to one another).

SELECT * FROM CUSTOMERS WHERE SNUM IN (SELECT SNUM  FROM SALESPEOPLE WHERE SNAME IN ('Peel','Motika'));


+------+----------+--------+--------+------+
| CNUM | CNAME    | CITY   | RATING | SNUM |
+------+----------+--------+--------+------+
| 2001 | Hoffman  | London |    100 | 1001 |
| 2002 | Giovanni | Rome   |    200 | 1003 |
| 2006 | Clemens  | London |    100 | 1001 |
+------+----------+--------+--------+------+
3 rows in set (0.00 sec)



3) Write a query that will produce all the customers whose names begin with a letter from ‘A’ to
‘G’.



SELECT * FROM CUSTOMERS WHERE LEFT(CNAME , 1) IN ('a','b','c','d','e', 'f', 'g');

SELECT * FROM CUSTOMERS WHERE CNAME REGEXP '^[a-gA-G]';


+------+----------+----------+--------+------+
| CNUM | CNAME    | CITY     | RATING | SNUM |
+------+----------+----------+--------+------+
| 2002 | Giovanni | Rome     |    200 | 1003 |
| 2004 | Grass    | Berlin   |    300 | 1002 |
| 2006 | Clemens  | London   |    100 | 1001 |
| 2008 | Cisneros | San Jose |    300 | 1007 |
+------+----------+----------+--------+------+
4 rows in set (0.00 sec)


------------------------------------------------------------------------------------------------------------------------------------------------------------------------------------------------------------------------------------------------------------------------------------------------------------------------------------------------------------------------------------------------------------------------------------


4) Write a query that selects all customers whose names begin with the letter ‘C’.


SELECT * FROM CUSTOMERS WHERE LEFT(CNAME,1) = 'c';

+------+----------+----------+--------+------+
| CNUM | CNAME    | CITY     | RATING | SNUM |
+------+----------+----------+--------+------+
| 2006 | Clemens  | London   |    100 | 1001 |
| 2008 | Cisneros | San Jose |    300 | 1007 |
+------+----------+----------+--------+------+
2 rows in set (0.00 sec)


------------------------------------------------------------------------------------------------------------------------------------------------------------------------------------------------------------------------------------------------------------------------------------------------------------------------------------------------------------------------------------------------------------------------------------


5) Write a query that selects all orders except those with zeroes or NULLs in the amt field.


SELECT * FROM ORDERS WHERE AMT IS NOT NULL OR AMT != 0;

+------+---------+------------+------+------+
| ONUM | AMT     | ODATE      | CNUM | SNUM |
+------+---------+------------+------+------+
| 3001 |   18.69 | 1990-03-10 | 2008 | 1007 |
| 3003 |  767.19 | 1990-03-10 | 2001 | 1001 |
| 3002 | 1900.10 | 1990-03-10 | 2007 | 1004 |
| 3005 | 5160.45 | 1990-03-10 | 2003 | 1002 |
| 3006 | 1098.16 | 1990-03-10 | 2008 | 1007 |
| 3009 | 1713.23 | 1990-04-10 | 2002 | 1003 |
| 3007 |   75.75 | 1990-04-10 | 2004 | 1002 |
| 3008 | 4273.00 | 1990-05-10 | 2006 | 1001 |
| 3010 | 1309.95 | 1990-06-10 | 2004 | 1002 |
| 3011 | 9891.88 | 1990-06-10 | 2006 | 1001 |
+------+---------+------------+------+------+
10 rows in set (0.00 sec)



