1) Write a query that counts all orders for October 3.

SELECT COUNT(ONUM) FROM ORDERS WHERE ODATE = '1990-03-10';


+-------------+
| COUNT(ONUM) |
+-------------+
|           5 |
+-------------+
1 row in set (0.00 sec)

------------------------------------------------------------------------------------------------------------------------------------------------------------------------------------------------------------------------------------------------------------------------------------------------------------------------------------------------------------------------------------------------------------------------------------


2) Write a query that counts the number of different non-NULL city values in the Customers
table.

SELECT count(CNAME) emptyCity
FROM CUSTOMERS 
WHERE CNAME IS NOT NULL;


| emptyCity |
+-----------+
|         7 |
+-----------+
1 row in set (0.00 sec)



3) Write a query that selects each customerâ€™s smallest order.

SELECT min(AMT) smallestOrder, CNUM FROM ORDERS GROUP BY CNUM;

+---------------+------+
| smallestOrder | CNUM |
+---------------+------+
|        767.19 | 2001 |
|       1713.23 | 2002 |
|       5160.45 | 2003 |
|         75.75 | 2004 |
|       4273.00 | 2006 |
|       1900.10 | 2007 |
|         18.69 | 2008 |
+---------------+------+
7 rows in set (0.01 sec)


4) Write a query that selects the first customer, in alphabetical order, whose name begins with
G.


SELECT * FROM CUSTOMERS WHERE CNAME REGEXP '^[G, g]' ORDER BY CNAME;


+------+----------+--------+--------+------+
| CNUM | CNAME    | CITY   | RATING | SNUM |
+------+----------+--------+--------+------+
| 2002 | Giovanni | Rome   |    200 | 1003 |
| 2004 | Grass    | Berlin |    300 | 1002 |
+------+----------+--------+--------+------+
2 rows in set (0.00 sec)





